fecha,% PET,TGP,TO,TD,TS,Poblacion total (miles),PET (miles),Fuerza de trabajo (miles),Ocupados (miles),Desocupados (miles),PEI fuera fuerza trabajo (miles),Subocupados (miles)
2001-01,68.37,69.05,57.58,16.62,11.83,38378.41,26240.16,18119.76,15107.83,3011.93,8120.4,2142.8
2001-02,68.4,68.95,56.93,17.43,11.68,38419.62,26279.17,18119.2,14960.26,3158.94,8159.97,2115.83
2001-03,68.43,68.39,57.57,15.81,11.97,38456.84,26314.46,17995.91,15150.41,2845.5,8318.55,2154.63
2001-04,68.45,65.22,55.76,14.52,10.47,38498.05,26353.44,17188.77,14693.81,2494.96,9164.67,1799.06
2001-05,68.48,65.41,56.23,14.04,10.63,38538.0,26391.54,17261.68,14838.86,2422.82,9129.86,1835.55
2001-06,68.51,66.33,56.18,15.31,9.96,38579.78,26431.56,17532.97,14848.26,2684.71,8898.59,1746.76
2001-07,68.53,66.74,56.61,15.18,14.26,38637.24,26478.77,17672.76,14989.36,2683.4,8806.01,2520.85
2001-08,68.56,67.44,57.38,14.91,13.21,38679.54,26519.19,17884.08,15216.94,2667.14,8635.1,2362.08
2001-09,68.59,68.31,58.69,14.07,14.2,38721.19,26559.05,18141.85,15588.54,2553.31,8417.2,2576.34
2001-10,68.62,68.51,58.56,14.52,13.13,38761.04,26597.26,18222.39,15575.6,2646.79,8374.87,2393.34
2001-11,68.65,69.68,60.15,13.68,12.43,38801.88,26636.64,18561.49,16021.87,2539.62,8075.14,2307.51
2001-12,68.68,68.81,59.44,13.61,9.77,38841.17,26674.67,18354.4,15856.66,2497.74,8320.27,1794.13
2002-01,68.71,68.36,56.12,17.91,12.52,38881.7,26714.02,18262.38,14991.61,3270.77,8451.64,2286.55
2002-02,68.74,68.21,57.17,16.19,14.59,38922.07,26753.31,18248.8,15294.53,2954.27,8504.51,2663.4
2002-03,68.76,67.15,57.01,15.11,13.61,38958.54,26788.95,17989.85,15271.33,2718.52,8799.09,2449.05
2002-04,68.79,68.88,57.81,16.08,13.56,38998.92,26828.52,18479.7,15508.72,2970.98,8348.82,2506.29
2002-05,68.82,66.7,56.68,15.02,13.12,39038.43,26867.38,17920.49,15228.46,2692.03,8946.89,2351.13
2002-06,68.85,66.57,55.97,15.91,13.07,39079.68,26908.12,17911.48,15061.58,2849.9,8996.64,2341.39
2002-07,68.88,67.42,57.02,15.43,12.83,39130.48,26952.65,18170.35,15367.37,2802.98,8782.3,2331.49
2002-08,68.91,66.55,55.93,15.95,13.68,39172.51,26994.1,17964.26,15098.46,2865.79,9029.84,2457.5
2002-09,68.94,66.67,57.02,14.47,13.82,39214.1,27035.24,18023.54,15416.35,2607.19,9011.7,2491.49
2002-10,68.97,68.61,58.34,14.97,12.5,39254.12,27074.8,18577.21,15795.72,2781.49,8497.6,2322.99
2002-11,69.0,68.41,58.02,15.19,10.67,39295.1,27115.44,18549.9,15732.3,2817.6,8565.54,1978.68
2002-12,69.04,67.0,56.67,15.42,9.28,39334.72,27154.99,18193.37,15387.5,2805.87,8961.62,1687.94
2003-01,69.07,67.4,56.43,16.27,10.45,39375.81,27196.01,18330.37,15347.74,2982.63,8865.64,1915.45
2003-02,69.1,67.82,57.08,15.84,11.2,39416.51,27236.78,18472.76,15546.98,2925.78,8764.02,2068.69
2003-03,69.13,67.92,59.02,13.11,10.8,39453.31,27273.82,18525.12,16097.27,2427.85,8748.7,2001.06
2003-04,69.16,67.55,57.42,15.01,12.4,39494.18,27315.06,18451.97,15683.07,2768.89,8863.09,2288.21
2003-05,69.19,68.29,59.54,12.82,12.19,39533.91,27355.36,18681.03,16286.86,2394.17,8674.33,2277.45
2003-06,69.23,66.47,57.09,14.11,13.25,39575.42,27397.6,18210.65,15642.02,2568.63,9186.96,2412.04
2003-07,69.26,67.58,57.77,14.51,13.1,39611.19,27433.52,18538.64,15847.88,2690.76,8894.87,2427.97
2003-08,69.29,68.66,58.79,14.38,13.96,39652.76,27476.05,18866.33,16153.71,2712.61,8609.73,2634.18
2003-09,69.33,68.85,59.05,14.23,14.69,39693.52,27517.87,18945.49,16248.65,2696.85,8572.37,2782.81
2003-10,69.36,69.72,60.29,13.52,10.81,39732.93,27558.37,19213.93,16615.79,2598.14,8344.44,2076.28
2003-11,69.39,69.13,60.4,12.64,12.65,39773.44,27600.16,19080.0,16669.2,2410.8,8520.16,2414.2
2003-12,69.43,68.44,59.84,12.56,9.36,39812.46,27640.66,18916.74,16541.12,2375.62,8723.92,1770.95
2004-01,69.46,68.13,56.37,17.26,11.42,39852.74,27682.53,18858.92,15604.55,3254.38,8823.61,2153.71
2004-02,69.5,67.42,56.8,15.75,12.5,39892.88,27724.56,18691.26,15746.74,2944.52,9033.3,2337.04
2004-03,69.53,67.54,58.4,13.52,11.44,39930.28,27763.94,18750.42,16214.86,2535.56,9013.52,2145.1
2004-04,69.57,67.0,57.16,14.68,12.83,39970.36,27806.38,18629.12,15894.18,2734.94,9177.26,2390.46
2004-05,69.6,67.01,57.74,13.83,13.53,40009.21,27847.91,18659.73,16078.54,2581.19,9188.18,2524.05
2004-06,69.64,65.65,56.41,14.07,11.64,40049.18,27891.08,18311.87,15734.73,2577.14,9579.21,2130.83
2004-07,69.68,66.71,58.1,12.91,13.98,40085.04,27929.65,18632.93,16227.65,2405.28,9296.72,2605.34
2004-08,69.72,66.16,57.52,13.06,13.45,40124.76,27973.17,18507.94,16091.37,2416.57,9465.23,2488.97
2004-09,69.76,66.05,57.94,12.29,14.49,40164.53,28016.83,18505.66,16232.23,2273.43,9511.17,2682.18
2004-10,69.79,66.81,58.6,12.29,10.92,40202.5,28058.67,18746.93,16443.75,2303.18,9311.74,2047.41
2004-11,69.83,67.3,59.33,11.84,9.91,40241.83,28102.28,18911.44,16672.93,2238.5,9190.84,1874.71
2004-12,69.87,65.94,58.06,11.95,9.57,40279.61,28144.44,18557.8,16339.41,2218.39,9586.64,1775.42
2005-01,69.91,65.68,56.97,13.26,11.39,40318.94,28188.22,18515.14,16059.54,2455.6,9673.08,2108.37
2005-02,69.95,66.07,56.76,14.1,12.65,40358.1,28231.99,18652.86,16023.39,2629.48,9579.13,2358.72
2005-03,69.99,65.7,57.19,12.95,12.52,40393.74,28271.87,18574.93,16168.67,2406.26,9696.94,2325.18
2005-04,70.03,65.61,57.73,12.02,12.56,40433.36,28316.19,18579.35,16346.02,2233.33,9736.84,2333.46
2005-05,70.07,65.98,57.74,12.49,13.34,40472.26,28359.64,18712.92,16375.55,2337.37,9646.72,2497.21
2005-06,70.11,64.91,57.42,11.54,13.59,40512.64,28404.95,18439.06,16310.7,2128.36,9965.89,2506.2
2005-07,70.15,66.53,58.52,12.05,15.09,40549.09,28445.15,18924.85,16644.72,2280.13,9520.3,2856.49
2005-08,70.19,65.37,57.71,11.72,13.57,40590.11,28490.91,18623.69,16441.21,2182.48,9867.22,2526.66
2005-09,70.23,65.74,58.29,11.33,13.62,40631.02,28536.35,18759.78,16633.68,2126.09,9776.57,2554.26
2005-10,70.27,66.95,60.32,9.9,9.83,40670.7,28580.19,19133.95,17239.98,1893.97,9446.24,1880.93
2005-11,70.31,66.21,59.4,10.28,9.82,40711.43,28625.31,18952.42,17003.86,1948.56,9672.89,1861.07
2005-12,70.35,66.66,59.81,10.27,9.48,40750.89,28669.03,19111.34,17148.18,1963.16,9557.68,1811.89
2006-01,70.39,65.6,56.83,13.37,11.38,40791.76,28714.33,18837.64,16319.11,2518.52,9876.69,2143.51
2006-02,70.43,65.78,57.18,13.08,12.83,40832.55,28759.62,18919.14,16444.67,2474.47,9840.49,2427.29
2006-03,70.47,66.17,58.65,11.37,14.04,40869.41,28800.62,19056.4,16890.23,2166.17,9744.22,2675.45
2006-04,70.51,64.54,56.75,12.06,12.31,40910.09,28846.13,18617.62,16371.55,2246.08,10228.51,2291.86
2006-05,70.55,64.96,57.25,11.87,13.65,40949.8,28890.73,18767.49,16540.02,2227.47,10123.25,2561.59
2006-06,70.59,66.21,59.27,10.48,14.43,40991.04,28937.47,19158.47,17151.18,2007.29,9779.01,2765.0
2006-07,70.63,65.85,57.75,12.3,10.31,41066.89,29006.31,19101.36,16752.03,2349.33,9904.95,1969.74
2006-08,70.67,63.91,55.57,13.04,12.0,41066.54,29023.01,18548.12,16128.72,2419.4,10474.9,2224.95
2006-09,70.72,62.86,54.74,12.91,9.55,41106.51,29068.97,18272.08,15912.24,2359.84,10796.9,1744.35
2006-10,70.76,62.82,55.69,11.36,9.79,41144.22,29112.61,18289.03,16212.31,2076.73,10823.58,1791.38
2006-11,70.8,62.81,55.9,11.0,9.51,41183.22,29157.83,18314.19,16300.3,2013.89,10843.64,2553.19
2006-12,70.84,62.54,55.14,11.84,8.3,41219.92,29201.0,18263.1,16100.7,2162.4,10937.9,1826.69
2007-01,70.89,62.12,53.25,14.28,8.25,41258.08,29245.9,18166.6,15572.56,2594.04,11079.3,1498.4
2007-02,70.93,63.94,55.72,12.86,9.34,41295.37,29290.31,18729.54,16321.64,2407.91,10560.77,1750.19
2007-03,70.97,62.64,55.1,12.03,8.83,41328.9,29330.5,18372.4,16161.59,2210.8,10958.1,1623.04
2007-04,71.01,64.38,57.42,10.81,9.37,41365.61,29374.79,18911.56,16867.62,2043.94,10463.23,1772.39
2007-05,71.06,63.41,55.99,11.7,9.49,41401.1,29418.02,18653.45,16470.68,2182.78,10764.57,1769.58
2007-06,71.1,63.33,56.24,11.2,9.1,41437.53,29462.94,18658.34,16568.84,2089.49,10804.61,1698.67
2007-07,71.13,63.31,56.12,11.35,9.48,41491.77,29514.79,18685.48,16563.92,2121.56,10829.31,1771.54
2007-08,71.18,63.0,56.16,10.86,9.49,41527.93,29559.57,18622.14,16599.44,2022.69,10937.43,1767.83
2007-09,71.23,63.69,56.76,10.87,9.21,41563.36,29603.84,18853.46,16803.92,2049.54,10750.39,1736.21
2007-10,71.27,66.18,59.42,10.21,9.29,41596.47,29645.54,19618.9,17615.43,2003.47,10026.65,1823.19
2007-11,71.31,64.76,58.62,9.49,10.48,41630.4,29688.56,19226.77,17402.45,1824.32,10461.79,2015.83
2007-12,71.36,63.14,56.88,9.92,9.48,41662.92,29730.01,18772.54,16909.66,1862.88,10957.47,1779.77
2008-01,71.4,63.03,54.65,13.3,10.14,41696.39,29772.81,18766.96,16271.42,2495.54,11005.86,1903.02
2008-02,71.45,64.54,56.67,12.19,10.99,41729.85,29815.66,19241.9,16895.44,2346.46,10573.76,2115.44
2008-03,71.49,64.73,57.39,11.34,10.1,41761.24,29855.83,19325.69,17134.51,2191.17,10530.15,1952.64
2008-04,71.54,65.14,57.92,11.08,9.16,41795.14,29899.12,19475.9,17318.17,2157.73,10423.21,1784.17
2008-05,71.58,64.5,57.53,10.81,9.75,41829.01,29942.07,19312.61,17224.51,2088.09,10629.47,1882.89
2008-06,71.63,62.46,55.33,11.41,8.97,41864.59,29987.03,18730.39,16592.56,2137.83,11256.64,1679.54
2008-07,71.65,64.09,56.26,12.21,9.42,41947.17,30054.53,19261.72,16909.83,2351.89,10792.81,1814.77
2008-08,71.69,63.42,56.17,11.43,9.63,41986.3,30101.66,19090.1,16908.83,2181.27,11011.56,1838.56
2008-09,71.74,63.9,56.84,11.05,9.29,42025.41,30148.66,19265.87,17137.61,2128.25,10882.79,1789.95
2008-10,71.78,63.55,57.08,10.18,9.4,42062.68,30193.51,19187.93,17234.31,1953.63,11005.57,1804.0
2008-11,71.83,62.48,55.66,10.91,9.12,42101.33,30239.98,18893.02,16831.51,2061.51,11346.95,1723.7
2008-12,71.87,63.92,57.04,10.77,8.76,42138.39,30284.74,19359.28,17273.7,2085.59,10925.45,1696.72
2009-01,71.91,63.91,54.66,14.47,9.34,42177.29,30331.45,19385.38,16579.85,2805.53,10946.07,1810.62
2009-02,71.96,65.15,56.83,12.77,10.32,42215.9,30377.96,19790.11,17262.73,2527.38,10587.85,2043.28
2009-03,72.0,65.92,57.88,12.19,10.43,42250.59,30420.03,20051.83,17608.34,2443.5,10368.2,2090.96
2009-04,72.04,67.09,58.96,12.12,11.36,42289.49,30467.01,20440.81,17963.66,2477.14,10026.21,2321.82
2009-05,72.09,67.1,59.21,11.76,11.62,42327.58,30513.04,20473.85,18066.57,2407.28,10039.19,2378.99
2009-06,72.13,66.65,58.92,11.6,11.95,42367.03,30561.1,20370.36,18008.0,2362.36,10190.74,2434.85
2009-07,72.17,67.24,58.6,12.84,10.78,42400.54,30601.05,20575.4,17932.98,2642.42,10025.65,2217.85
2009-08,72.22,65.54,57.72,11.94,11.12,42439.96,30649.13,20087.35,17689.7,2397.66,10561.77,2234.71
2009-09,72.26,66.11,57.89,12.44,11.15,42479.55,30697.12,20295.09,17770.33,2524.77,10402.03,2263.01
2009-10,72.31,68.92,60.82,11.76,11.27,42517.28,30742.87,21188.97,18697.9,2491.07,9553.9,2387.42
2009-11,72.35,68.09,60.34,11.39,10.71,42556.2,30790.15,20964.76,18577.48,2387.29,9825.39,2244.48
2009-12,72.39,67.67,60.02,11.31,10.58,42593.85,30835.8,20866.9,18506.4,2360.49,9968.9,2208.39
2010-01,72.44,67.26,57.25,14.88,11.93,42673.69,30913.79,20793.17,17699.41,3093.76,10120.63,2479.95
2010-02,72.49,67.54,58.96,12.69,12.48,42712.68,30961.2,20910.17,18255.69,2654.48,10051.03,2609.91
2010-03,72.53,66.52,58.57,11.96,12.39,42747.85,31003.97,20624.6,18158.11,2466.5,10379.36,2554.41
2010-04,72.57,68.31,59.81,12.44,12.21,42786.49,31051.18,21211.69,18572.97,2638.72,9839.49,2590.39
2010-05,72.62,67.28,59.03,12.26,12.45,42824.44,31097.46,20923.92,18357.94,2565.99,10173.54,2605.06
2010-06,72.66,67.66,59.55,11.98,12.1,42864.03,31145.98,21073.34,18548.73,2524.61,10072.63,2549.11
2010-07,72.7,67.59,58.9,12.86,12.96,42897.21,31186.59,21079.79,18369.29,2710.5,10106.8,2731.21
2010-08,72.75,67.24,59.59,11.38,13.36,42936.73,31235.16,21002.33,18612.71,2389.62,10232.83,2805.25
2010-09,72.79,68.23,60.82,10.87,12.79,42975.59,31282.74,21344.84,19025.2,2319.64,9937.89,2729.39
2010-10,72.83,68.73,61.54,10.45,13.69,43012.64,31328.25,21530.74,19280.24,2250.51,9797.5,2948.2
2010-11,72.88,68.49,61.01,10.93,12.55,43050.97,31375.32,21490.36,19140.58,2349.79,9884.95,2697.53
2010-12,72.92,67.67,60.08,11.23,11.77,43087.58,31420.44,21263.59,18876.45,2387.14,10156.85,2502.09
2011-01,72.97,67.8,58.38,13.9,11.9,43125.56,31467.35,21334.02,18369.33,2964.69,10133.33,2539.57
2011-02,73.01,67.24,58.4,13.14,12.32,43163.38,31513.95,21188.67,18404.62,2784.05,10325.28,2609.91
2011-03,73.05,67.34,59.97,10.95,11.96,43197.3,31555.95,21251.24,18924.6,2326.64,10304.71,2541.15
2011-04,73.09,67.39,59.8,11.27,12.27,43234.94,31602.5,21298.17,18896.95,2401.22,10304.33,2613.84
2011-05,73.14,68.1,60.24,11.55,11.71,43271.47,31647.77,21553.34,19063.15,2490.2,10094.43,2524.14
2011-06,73.18,67.54,60.08,11.04,11.29,43309.42,31695.0,21405.67,19043.34,2362.33,10289.33,2416.87
2011-07,73.22,67.85,59.91,11.7,12.52,43342.39,31736.08,21533.38,19013.12,2520.26,10202.7,2695.24
2011-08,73.27,66.93,59.96,10.42,11.32,43380.13,31783.13,21273.24,19057.49,2215.76,10509.88,2407.43
2011-09,73.31,68.23,61.45,9.93,11.25,43417.15,31829.27,21715.67,19559.76,2155.91,10113.6,2443.47
2011-10,73.35,70.62,64.01,9.36,12.49,43452.45,31873.47,22508.25,20401.58,2106.67,9365.21,2811.34
2011-11,73.4,69.53,62.93,9.49,12.04,43489.04,31919.08,22192.31,20085.48,2106.82,9726.77,2672.26
2011-12,73.44,68.52,61.62,10.07,11.57,43523.96,31962.86,21901.96,19696.94,2205.01,10060.9,2534.1
2012-01,73.48,68.42,59.67,12.79,11.41,43560.28,32008.31,21901.66,19100.21,2801.45,10106.65,2498.22
2012-02,73.52,68.81,60.51,12.07,12.84,43596.15,32053.34,22057.43,19393.99,2663.44,9995.91,2831.34
2012-03,73.56,68.77,61.55,10.5,11.72,43629.79,32095.53,22072.54,19754.39,2318.16,10022.99,2587.73
2012-04,73.61,68.82,61.19,11.09,12.9,43665.5,32140.46,22120.3,19667.83,2452.47,10020.16,2854.53
2012-05,73.65,69.12,61.52,10.99,12.87,43700.2,32184.11,22247.27,19801.19,2446.08,9936.84,2864.04
2012-06,73.69,69.48,62.36,10.24,12.38,43736.4,32229.82,22393.04,20099.16,2293.88,9836.78,2773.36
2012-07,73.73,68.13,60.53,11.16,13.17,43768.46,32269.91,21985.94,19533.23,2452.71,10283.97,2894.84
2012-08,73.77,68.41,61.57,9.99,12.19,43804.56,32315.48,22106.19,19897.94,2208.25,10209.3,2694.95
2012-09,73.81,67.59,60.74,10.14,11.84,43839.93,32360.08,21873.72,19654.77,2218.95,10486.35,2588.99
2012-10,73.85,69.06,62.73,9.17,11.88,43874.12,32403.17,22379.19,20327.2,2051.98,10023.99,2658.17
2012-11,73.9,68.05,61.61,9.46,11.41,43908.99,32447.18,22081.41,19992.09,2089.32,10365.77,2520.22
2012-12,73.94,68.29,61.5,9.94,10.55,43942.95,32489.88,22186.99,19981.51,2205.48,10302.89,2341.09
2013-01,73.98,67.75,59.39,12.34,11.36,43977.79,32533.9,22042.88,19322.46,2720.41,10491.02,2503.86
2013-02,74.02,67.49,59.38,12.01,12.35,44012.64,32577.82,21986.2,19345.54,2640.66,10591.62,2715.7
2013-03,74.06,66.7,59.78,10.38,11.25,44044.14,32617.4,21757.1,19497.9,2259.21,10860.3,2448.03
2013-04,74.1,67.49,60.44,10.45,11.97,44079.19,32661.49,22044.65,19740.59,2304.06,10616.84,2638.95
2013-05,74.14,68.5,61.77,9.82,11.95,44113.23,32704.37,22401.34,20201.44,2199.91,10303.03,2676.22
2013-06,74.18,67.48,61.06,9.51,11.35,44148.78,32749.35,22097.82,19996.22,2101.61,10651.53,2509.08
2013-07,74.21,67.96,61.05,10.16,11.74,44179.62,32787.42,22282.67,20018.16,2264.51,10504.75,2616.92
2013-08,74.26,68.0,61.43,9.66,11.49,44215.06,32832.17,22326.84,20169.77,2157.07,10505.33,2564.74
2013-09,74.3,67.48,61.29,9.17,10.77,44250.26,32876.34,22185.2,20150.99,2034.2,10691.14,2388.99
2013-10,74.34,69.07,63.45,8.13,10.91,44284.0,32918.6,22736.06,20887.62,1848.45,10182.54,2480.36
2013-11,74.38,67.63,61.8,8.63,10.7,44318.7,32962.13,22292.95,20369.79,1923.16,10669.18,2384.32
2013-12,74.41,67.58,61.74,8.65,10.44,44352.36,33004.17,22305.33,20376.51,1928.81,10698.84,2328.38
2014-01,74.42,67.06,59.33,11.53,10.44,44724.49,33285.02,22321.49,19747.29,2574.2,10963.52,2329.85
2014-02,74.46,66.78,59.37,11.09,11.07,44759.85,33329.04,22256.19,19788.46,2467.72,11072.86,2462.75
2014-03,74.5,66.6,60.04,9.84,9.98,44791.98,33368.87,22222.53,20034.84,2187.69,11146.34,2218.24
2014-04,74.54,67.49,61.21,9.31,10.15,44827.62,33413.08,22549.65,20450.65,2099.0,10863.42,2287.9
2014-05,74.58,67.36,61.25,9.07,10.66,44861.96,33455.87,22534.87,20491.53,2043.33,10921.0,2401.19
2014-06,74.62,67.65,61.29,9.4,11.73,44897.84,33500.65,22663.89,20533.05,2130.84,10836.76,2659.42
2014-07,74.65,66.83,60.36,9.69,10.46,44928.71,33537.93,22413.66,20242.56,2171.1,11124.27,2344.23
2014-08,74.69,67.69,61.49,9.16,10.1,44964.61,33582.64,22733.54,20651.16,2082.39,10849.1,2297.2
2014-09,74.73,67.54,61.73,8.61,11.28,45000.36,33626.9,22711.31,20756.84,1954.47,10915.59,2561.82
2014-10,74.76,69.22,63.61,8.1,11.94,45035.16,33669.59,23305.42,21418.78,1886.63,10364.17,2783.22
2014-11,74.8,68.03,62.55,8.06,10.14,45071.01,33713.46,22936.05,21086.89,1849.15,10777.41,2325.0
2014-12,74.84,66.93,60.88,9.04,9.56,45105.89,33756.01,22592.46,20550.65,2041.8,11163.55,2159.14
2015-01,74.88,66.59,59.17,11.15,10.53,45142.66,33800.57,22508.27,19998.21,2510.06,11292.3,2370.74
2015-02,74.91,66.79,59.96,10.23,9.98,45179.42,33844.98,22605.44,20293.44,2312.0,11239.54,2256.34
2015-03,74.95,66.83,60.73,9.12,10.08,45213.04,33885.26,22644.93,20579.09,2065.84,11240.33,2282.65
2015-04,74.98,68.06,61.43,9.74,11.12,45251.04,33930.53,23093.32,20844.67,2248.66,10837.21,2567.11
2015-05,75.02,67.58,61.35,9.22,11.49,45288.19,33974.66,22961.09,20843.72,2117.37,11013.57,2639.28
2015-06,75.06,67.31,61.59,8.5,11.19,45327.48,34021.21,22899.53,20953.35,1946.17,11121.69,2563.14
2015-07,75.09,67.01,60.83,9.22,10.82,45361.6,34060.2,22822.63,20717.53,2105.1,11237.57,2468.5
2015-08,75.12,67.46,61.19,9.3,11.0,45402.28,34107.51,23009.79,20869.05,2140.74,11097.72,2530.47
2015-09,75.16,67.38,61.27,9.07,10.3,45443.02,34154.48,23014.31,20927.33,2086.99,11140.17,2370.11
2015-10,75.19,69.12,63.29,8.44,10.51,45482.98,34200.24,23639.26,21644.46,1994.8,10560.97,2485.38
2015-11,75.23,68.08,62.93,7.56,9.83,45524.62,34247.37,23316.65,21553.19,1763.47,10930.72,2292.84
2015-12,75.26,67.47,61.52,8.82,10.12,45565.12,34293.09,23137.09,21095.78,2041.32,11155.99,2342.16
2016-01,75.3,67.13,58.96,12.18,11.19,45608.3,34341.39,23053.9,20246.3,2807.6,11287.48,2580.79
2016-02,75.33,66.82,59.89,10.37,11.35,45651.27,34389.3,22977.27,20595.02,2382.24,11412.04,2608.47
2016-03,75.36,66.11,59.19,10.46,10.02,45691.54,34434.07,22765.47,20383.15,2382.31,11668.6,2281.82
2016-04,75.4,67.48,61.19,9.32,10.28,45735.39,34482.63,23267.84,21099.39,2168.46,11214.79,2391.9
2016-05,75.43,66.36,60.23,9.24,10.65,45778.06,34529.81,22915.15,20798.39,2116.76,11614.66,2440.78
2016-06,75.46,67.27,61.09,9.19,10.11,45822.76,34579.09,23262.02,21124.23,2137.79,11317.07,2351.94
2016-07,75.49,66.09,59.35,10.2,10.23,45861.83,34620.58,22880.68,20546.72,2333.96,11739.91,2341.03
2016-08,75.52,66.7,60.54,9.23,9.95,45906.89,34669.93,23123.61,20988.7,2134.91,11546.31,2300.24
2016-09,75.55,66.35,60.48,8.85,9.89,45952.14,34719.12,23035.9,20996.44,2039.47,11683.22,2278.72
2016-10,75.59,68.14,62.26,8.63,9.98,45996.46,34766.87,23691.49,21647.39,2044.1,11075.39,2363.7
2016-11,75.62,67.2,61.98,7.77,9.58,46042.47,34816.02,23397.35,21578.62,1818.73,11418.67,2241.79
2016-12,75.65,66.79,60.71,9.1,8.86,46087.75,34864.21,23284.18,21166,2118.18,11580.03,2064.03
2017-01,75.68,66.22,58.3,11.96,9.63,46135.84,34914.9,23120.41,20355.92,2764.49,11794.49,2226.29
2017-02,75.71,66.34,59.13,10.87,10.4,46184.63,34965.89,23196.47,20674.33,2522.15,11769.41,2412.26
2017-03,75.74,65.75,59.24,9.9,9.08,46229.41,35012.4,23020.22,20740.16,2280.06,11992.18,2089.67
2017-04,75.77,66.99,60.87,9.14,9.77,46281.03,35065.45,23491.64,21345.46,2146.18,11573.81,2295.47
2017-05,75.8,66.37,59.84,9.84,9.7,46331.96,35117.52,23308.78,21015.67,2293.11,11808.74,2261.01
2017-06,75.83,67.37,61.32,8.98,10.58,46386.46,35172.53,23695.4,21568.19,2127.2,11477.13,2507.11
2017-07,75.85,65.99,59.43,9.94,9.99,46435.4,35221.38,23243.46,20932.96,2310.5,11977.92,2321.15
2017-08,75.88,66.45,60.12,9.52,9.68,46493.43,35278.86,23441.73,21210.83,2230.9,11837.13,2270.02
2017-09,75.91,66.0,59.7,9.55,9.15,46553.38,35337.7,23323.9,21097.19,2226.7,12013.8,2133.62
2017-10,75.94,67.23,61.36,8.74,9.08,46613.04,35395.69,23797.05,21717.21,2079.84,11598.64,2160.96
2017-11,75.96,66.44,60.61,8.76,9.01,46676.59,35456.82,23556.79,21492.08,2064.71,11900.03,2121.38
2017-12,75.99,66.1,60.21,8.91,8.64,46739.96,35517.23,23477.76,21385.38,2092.38,12039.47,2028.99
2018-01,76.02,65.31,57.39,12.14,8.71,46808.79,35582.07,23240.0,20419.28,2820.72,12342.08,2023.05
2018-02,76.04,65.12,57.83,11.19,9.4,46879.85,35648.34,23213.82,20616.6,2597.21,12434.53,2182.55
2018-03,76.07,65.09,58.73,9.77,9.45,46946.2,35709.78,23244.92,20973.51,2271.41,12464.85,2197.36
2018-04,76.09,66.29,59.84,9.73,9.82,47022.96,35780.29,23717.71,21410.16,2307.55,12062.58,2328.4
2018-05,76.12,65.82,59.25,9.98,9.32,47100.86,35851.16,23598.28,21243.29,2354.99,12252.89,2199.21
2018-06,76.14,66.04,59.89,9.31,9.36,47184.09,35926.24,23725.35,21516.87,2208.48,12200.9,2219.55
2018-07,76.16,65.45,58.88,10.04,9.9,47262.31,35996.17,23560.28,21194.28,2365.99,12435.89,2332.97
2018-08,76.19,65.8,59.59,9.43,9.57,47352.04,36075.83,23737.21,21498.97,2238.24,12338.62,2270.62
2018-09,76.21,65.84,59.47,9.67,10.4,47444.38,36157.35,23805.12,21503.01,2302.12,12352.22,2476.68
2018-10,76.23,66.27,60.07,9.36,10.03,47535.55,36237.46,24016.33,21768.05,2248.28,12221.13,2407.99
2018-11,76.25,64.6,58.8,8.99,9.75,47631.41,36321.35,23464.82,21355.2,2109.61,12856.53,2288.89
2018-12,76.28,66.41,59.78,9.99,9.83,47724.77,36402.8,24176.23,21761.25,2414.98,12226.57,2377.61
2019-01,76.3,64.96,56.47,13.08,10.84,47822.67,36488.11,23702.27,20603.15,3099.12,12785.84,2569.64
2019-02,76.32,65.47,57.55,12.09,10.42,47920.21,36573.07,23943.58,21048.17,2895.41,12629.5,2494.69
2019-03,76.34,64.94,57.68,11.18,10.25,48007.88,36649.54,23798.67,21137.64,2661.03,12850.87,2440.31
2019-04,76.36,64.15,57.31,10.66,10.83,48104.71,36733.99,23564.98,21053.75,2511.23,13169.0,2552.85
2019-05,76.38,64.66,57.58,10.95,10.93,48196.81,36814.46,23804.35,21197.31,2607.04,13010.12,2601.2
2019-06,76.41,65.11,58.78,9.72,10.6,48291.12,36897.14,24025.24,21689.29,2335.95,12871.9,2545.9
2019-07,76.42,64.34,57.08,11.28,9.9,48374.69,36969.96,23787.63,21104.22,2683.41,13182.33,2355.62
2019-08,76.45,64.03,56.86,11.2,10.38,48464.25,37049.07,23722.28,21066.03,2656.26,13326.79,2461.24
2019-09,76.47,64.3,57.36,10.8,10.33,48550.74,37125.89,23873.78,21295.33,2578.45,13252.11,2467.24
2019-10,76.49,65.49,58.86,10.12,10.66,48632.54,37198.73,24363.15,21896.71,2466.44,12835.58,2596.73
2019-11,76.51,65.0,58.74,9.62,10.59,48715.03,37272.47,24225.87,21895.67,2330.19,13046.61,2566.36
2019-12,76.53,64.62,58.19,9.95,10.34,48793.04,37342.44,24131.49,21730.48,2401.01,13210.95,2494.89
2020-01,76.55,63.93,55.33,13.46,10.79,48873.49,37414.97,23920.11,20700.83,3219.28,13494.86,2581.01
2020-02,76.58,64.31,56.07,12.81,10.59,48952.36,37486.07,24107.98,21019.0,3088.99,13378.09,2553.32
2020-08,76.71,60.24,49.73,17.44,9.33,49372.41,37871.92,22812.43,18833.32,3979.11,15059.49,2129.43
2020-09,76.73,61.01,51.07,16.29,9.49,49431.2,37929.21,23142.01,19371.52,3770.49,14787.2,2196.64
2020-10,76.75,63.34,53.66,15.28,10.2,49488.28,37984.73,24060.85,20384.01,3676.84,13923.88,2453.81
2020-11,76.78,62.21,53.55,13.91,9.92,49545.67,38040.56,23664.37,20371.98,3292.39,14376.2,2348.11
2020-12,76.8,62.43,53.74,13.91,9.85,49600.71,38094.38,23781.95,20472.89,3309.06,14312.43,2341.56
2021-01,76.83,60.75,50.08,17.56,7.95,49658.5,38151.0,23176.05,19105.58,4070.47,14974.95,1843.37
2021-02,76.85,62.51,52.77,15.59,7.44,49714.36,38205.82,23884.08,20161.7,3722.38,14321.74,1776.34
2021-03,76.87,61.6,52.53,14.73,7.02,49764.42,38255.04,23564.33,20094.35,3469.97,14690.72,1655.14
2021-04,76.9,61.02,51.57,15.49,7.68,49818.97,38309.1,23377.07,19756.42,3620.65,14932.03,1796.5
2021-05,76.92,61.45,52.11,15.2,7.92,49871.36,38361.15,23572.56,19988.54,3584.02,14788.58,1867.52
2021-06,76.94,61.22,52.25,14.65,7.91,49924.65,38414.18,23517.29,20072.81,3444.48,14896.88,1860.26
2021-07,76.96,61.06,53.09,13.06,7.63,49968.93,38458.54,23483.5,20416.9,3066.6,14975.04,1792.85
2021-08,76.99,61.32,53.43,12.86,7.82,50019.88,38509.81,23613.69,20576.64,3037.05,14896.11,1845.93
2021-09,77.01,60.92,53.63,11.96,7.21,50069.2,38559.97,23490.9,20681.08,2809.82,15069.08,1694.08
2021-10,77.04,62.06,54.61,12.0,7.77,50116.02,38607.77,23958.35,21084.49,2873.86,14649.42,1861.9
2021-11,77.06,62.19,55.02,11.53,7.44,50162.86,38655.76,24039.58,21267.08,2772.5,14616.18,1789.71
2021-12,77.08,62.47,55.54,11.1,7.6,50207.34,38701.47,24178.25,21495.31,2682.94,14523.23,1838.63
2022-01,77.11,62.57,53.41,14.65,7.31,50254.11,38749.59,24247.36,20695.78,3551.57,14502.23,1772.9
2022-02,77.13,64.16,55.88,12.91,8.84,50299.3,38796.08,24893.46,21680.92,3212.54,13902.62,2201.57
2022-03,77.15,63.52,55.82,12.12,8.42,50339.83,38837.86,24670.16,21679.83,2990.33,14167.7,2076.46
2022-04,77.17,63.57,56.47,11.17,8.4,50384.97,38884.31,24718.02,21957.4,2760.62,14166.29,2075.41
2022-05,77.2,63.78,56.99,10.65,7.98,50428.73,38929.3,24828.57,22184.76,2643.81,14100.73,1980.42
2022-06,77.22,63.67,56.5,11.26,8.43,50474.57,38976.24,24817.33,22022.6,2794.73,14158.91,2092.5
2022-07,77.24,63.51,56.53,10.99,8.24,50513.03,39015.42,24777.88,22055.06,2722.82,14237.53,2040.97
2022-08,77.26,63.48,56.73,10.63,8.74,50559.23,39062.39,24796.15,22160.0,2636.15,14266.24,2167.01
2022-09,77.28,64.14,57.25,10.75,8.74,50605.03,39108.92,25085.65,22389.33,2696.32,14023.27,2191.85
2022-10,77.3,63.95,57.74,9.72,8.04,50649.42,39153.91,25040.22,22606.05,2434.17,14113.7,2013.53
2022-11,77.33,63.38,57.36,9.5,8.05,50694.86,39200.0,24846.92,22486.28,2360.65,14353.08,1999.26
2022-12,77.35,63.81,57.25,10.27,7.7,50739.07,39244.84,25040.48,22468.15,2572.33,14204.36,1927.6
2023-01,77.37,63.38,54.7,13.7,7.74,50784.86,39291.48,24904.58,21491.57,3413.01,14386.9,1926.96
2023-02,77.39,63.75,56.52,11.35,8.4,50830.54,39338.32,25080.06,22232.69,2847.37,14258.26,2107.91
2023-03,77.41,64.33,57.88,10.03,8.5,50871.87,39380.87,25335.49,22793.7,2541.8,14045.38,2153.2
2023-04,77.44,64.61,57.68,10.72,8.06,50917.73,39428.42,25473.96,22741.96,2732.01,13954.45,2052.93
2023-05,77.46,63.86,57.17,10.48,7.94,50962.46,39475.19,25208.02,22567.45,2640.57,14267.17,2002.35
2023-06,77.48,64.33,58.32,9.34,8.4,51008.94,39524.26,25427.8,23052.26,2375.54,14096.46,2135.02
2023-07,77.51,64.79,58.59,9.57,8.07,51046.88,39565.08,25635.88,23181.79,2454.08,13929.2,2069.87
2023-08,77.53,64.44,58.47,9.28,8.6,51093.19,39615.05,25529.55,23161.08,2368.47,14085.51,2196.0
2023-09,77.56,64.19,58.25,9.25,8.43,51138.65,39664.57,25462.56,23106.59,2355.97,14202.01,2147.27
2023-10,77.59,64.03,58.12,9.23,8.06,51182.48,39712.56,25429.12,23081.78,2347.34,14283.44,2048.64
2023-11,77.62,64.08,58.31,9.01,8.09,51226.94,39761.66,25480.68,23185.54,2295.14,14280.97,2062.21
2023-12,77.65,63.83,57.43,10.01,7.15,51269.98,39809.3,25408.68,22864.32,2544.35,14400.62,1816.58
2024-01,77.68,63.27,55.26,12.66,7.42,51314.27,39858.61,25217.56,22024.6,3192.96,14641.05,1870.12
2024-02,77.7,63.81,56.36,11.67,8.17,51357.93,39907.49,25463.55,22492.94,2970.61,14443.94,2080.21
2024-03,77.73,63.89,56.68,11.29,8.13,51399.51,39953.67,25525.85,22645.07,2880.78,14427.82,2075.66
2024-04,77.76,63.97,57.16,10.65,8.36,51443.79,40002.97,25589.03,22864.64,2724.39,14413.94,2140.43
2024-05,77.79,64.11,57.5,10.31,8.26,51486.81,40050.81,25676.25,23030.09,2646.16,14374.55,2119.73
2024-06,77.82,63.7,57.16,10.27,7.98,51531.98,40100.75,25545.08,22921.96,2623.12,14555.68,2039.14
2024-07,77.84,64.17,57.8,9.92,7.72,51569.61,40142.1,25757.67,23202.98,2554.68,14384.43,1988.17
2024-08,77.87,64.5,58.27,9.66,7.38,51614.64,40191.28,25922.69,23417.87,2504.82,14268.58,1913.98
2024-09,77.89,63.49,57.69,9.13,7.89,51659.07,40239.55,25546.89,23213.31,2333.57,14692.67,2015.64
2024-10,77.92,63.91,58.07,9.13,8.14,51701.51,40285.43,25744.55,23393.11,2351.45,14540.88,2096.37
2024-11,77.94,63.73,58.53,8.17,7.48,51745.3,40332.51,25705.05,23605.26,2099.78,14627.47,1923.71
2024-12,77.97,64.37,58.5,9.13,6.97,51787.63,40377.91,25992.58,23620.68,2371.9,14385.33,1812.35
2025-01,77.99,64.12,56.66,11.64,7.69,51831.45,40424.87,25918.75,22902.83,3015.92,14506.12,1992.85
2025-02,78.02,64.67,57.99,10.33,7.21,51874.86,40471.29,26173.3,23469.48,2703.82,14297.98,1886.5
2025-03,78.04,64.73,58.5,9.62,7.3,51914.42,40513.54,26224.21,23702.39,2521.82,14289.33,1915.18
2025-04,78.06,63.72,58.13,8.78,7.27,51957.93,40560.11,25846.01,23576.08,2269.93,14714.11,1878.56
2025-05,78.09,63.97,58.19,9.04,7.47,52000.47,40605.6,25973.95,23626.83,2347.11,14631.65,1939.51
2025-06,78.11,63.89,58.43,8.55,7.67,52045.0,40653.42,25974.85,23752.95,2221.89,14678.57,1992.43
2025-07,78.13,64.62,58.9,8.84,7.67,52082.2,40693.1,26293.9,23969.04,2324.86,14399.2,2017.16
2025-08,78.16,63.94,58.44,8.6,7.55,52126.58,40741.04,26050.81,23810.84,2239.97,14690.24,1967.73
2025-09,78.18,63.88,58.66,8.17,6.68,52170.22,40788.22,26056.58,23926.85,2129.73,14731.65,1739.61
2025-10,78.21,65.01,59.68,8.2,6.99,52212.0,40833.63,26547.48,24369.61,2177.87,14286.15,1856.05
2025-11,78.23,64.72,60.17,7.02,7.43,52254.98,40880.39,26457.23,24598.64,1858.58,14423.16,1966.89
2025-12,78.26,64.32,59.19,7.98,6.35,52296.26,40925.33,26323.5,24223.65,2099.85,14601.83,1670.93
2026-01,78.28,63.6,56.69,10.86,7.08,52339.32,40972.38,26056.61,23227.0,2829.6,14915.78,1843.97
2026-02,78.31,64.71,58.74,9.23,7.08,52382.02,41019.19,26545.42,24093.96,2451.46,14473.77,1879.64
